Workbook
Name a: #REF!
Name bb: #REF!

Sheet روکش
A24: گزارش وضعیت پرتفوی ماهانه
A28: منتهی به 1404/06/31

Sheet  سهام 
A1: صندوق سرمایه گذاری سهامی اهرمی شاخصی کیان
A2: صورت وضعیت پرتفوی
A3: برای ماه منتهی به 1405/04/31
A4: 1- سرمایه گذاری ها
A5: 1-1-سرمایه‌گذاری در سهام و حق تقدم سهام
C7: 1405/03/31 | I7: تغییرات طی دوره | O7: 1405/04/31
A8: شرکت | C8: تعداد | E8: بهای تمام شده | G8: خالص ارزش فروش | I8: خرید طی دوره | L8: فروش طی دوره | O8: تعداد | Q8: قیمت بازار هر سهم | S8: بهای تمام شده | U8: خالص ارزش فروش | W8: درصد به کل خالص ارزش دارایی‌ها
I9: تعداد | J9: بهای تمام شده | L9: تعداد | M9: مبلغ فروش
A10: سینادارو (دسینا) | C10: 1171264 | E10: 42845991669 | G10: 78507294237 | I10: 0 | J10: 0 | L10: 1171264 | M10: 78394496273 | O10: 0 | Q10: 0 | S10: 0 | U10: 0 | W10: =U10/38716017778806 -> 0
A11: فجر انرژی خلیج فارس (بفجر) | C11: 12794824 | E11: 209120748444 | G11: 81126928871 | I11: 0 | J11: 0 | L11: 0 | M11: 0 | O11: 12794824 | Q11: 5540 | S11: 209120748444 | U11: 70335396862 | W11: =U11/38716017778806 -> 0.0018167002
A12: تاید واتر خاورمیانه (حتاید) | C12: 14311734 | E12: 86251199041 | G12: 113182801245 | I12: 10800000 | J12: 88795923507 | L12: 0 | M12: 0 | O12: 25111734 | Q12: 7420 | S12: 175047122548 | U12: 184888742602 | W12: =U12/38716017778806 -> 0.0047755103
A13: آلومینای ایران (آلومینا) | C13: 0 | E13: 0 | G13: 0 | I13: 1612592 | J13: 204346504685 | L13: 0 | M13: 0 | O13: 1612592 | Q13: 127900 | S13: 204346504685 | U13: 204656200307 | W13: =U13/38716017778806 -> 0.005286086
A14: معدنی املاح ایران (شاملا) | C14: 2433337 | E14: 44479629025 | G14: 64854203417 | I14: 0 | J14: 0 | L14: 0 | M14: 0 | O14: 2433337 | Q14: 29030 | S14: 44479629025 | U14: 70093727668 | W14: =U14/38716017778806 -> 0.0018104581
A15: مواد داروپخش (دتماد) | C15: 1387309 | E15: 23585268766 | G15: 48276839511 | I15: 10250520 | J15: 384889211293 | L15: 0 | M15: 0 | O15: 11637829 | Q15: 42920 | S15: 408474480059 | U15: 495634519535 | W15: =U15/38716017778806 -> 0.012801795
A16: گروه صنعتی پاکشو (پاکشو) | C16: 57392385 | E16: 288123219193 | G16: 405475042074 | I16: 20000000 | J16: 138568164096 | L16: 0 | M16: 0 | O16: 77392385 | Q16: 8440 | S16: 426691383289 | U16: 648142557334 | W16: =U16/38716017778806 -> 0.016740941
A17: سر. غدیر (وغدیر) | C17: 109389994 | E17: 1479065056717 | G17: 1631422472480 | I17: 41318867 | J17: 580833742643 | L17: 0 | M17: 0 | O17: 150708861 | Q17: 13710 | S17: 2059898799360 | U17: 2050246615430 | W17: =U17/38716017778806 -> 0.05295603
A18: دارو اکسیر (دلر) | C18: 20304762 | E18: 175063260780 | G18: 297784575489 | I18: 0 | J18: 0 | L18: 0 | M18: 0 | O18: 20304762 | Q18: 22370 | S18: 175063260780 | U18: 450706424468 | W18: =U18/38716017778806 -> 0.011641343
A19: کاشی الوند (کلوند) | C19: 742737 | E19: 4365836999 | G19: 3965036562 | I19: 0 | J19: 0 | L19: 742737 | M19: 3883967082 | O19: 0 | Q19: 0 | S19: 0 | U19: 0 | W19: =U19/38716017778806 -> 0
A20: پالایش نفت اصفهان (شپنا) | C20: 270273414 | E20: 1006531854576 | G20: 2456567276673 | I20: 4615371 | J20: 50959918953 | L20: 0 | M20: 0 | O20: 274888785 | Q20: 9420 | S20: 1057491773529 | U20: 2569435888002 | W20: =U20/38716017778806 -> 0.066366223
A21: پست بانک ایران (وپست) | C21: 43839600 | E21: 248462710004 | G21: 397161572617 | I21: 0 | J21: 0 | L21: 0 | M21: 0 | O21: 43839600 | Q21: 7370 | S21: 248462710004 | U21: 320600305607 | W21: =U21/38716017778806 -> 0.0082808182
... A76: سر. نفت و گاز تامین (تاپیکو) | C76: 11780560 | E76: 237547392935 | G76: 301355213874 | I76: 68528618 | J76: 1907864959634 | L76: 0 | M76: 0 | O76: 80309178 | Q76: 26920 | S76: 2145412352569 | U76: 2145211406419 | W76: =U76/38716017778806 -> 0.055408886
A77: سر. خوارزمی (حق تقدم) (وخارزمح) | C77: 2137241 | E77: 1970078088 | G77: 8557105715 | I77: 0 | J77: 0 | L77: 2137241 | M77: 974581896 | O77: 0 | Q77: 0 | S77: 0 | W77: =U77/38716017778806 -> 0
A78: پخش هجرت (هجرت) | C78: 36292111 | E78: 106196387980 | G78: 175304337281 | I78: 0 | J78: 0 | L78: 36292111 | M78: 238585676630 | O78: 0 | Q78: 0 | S78: 0 | U78: 0 | W78: =U78/38716017778806 -> 0
A79: بورس کالای ایران (کالا) | C79: 16979310 | E79: 72543774816 | G79: 127539813703 | I79: 0 | J79: 0 | L79: 0 | M79: 0 | O79: 16979310 | Q79: 8240 | S79: 72543774816 | U79: 138828013857 | W79: =U79/38716017778806 -> 0.003585803
A80: داروسازی قاضی (دقاضی) | C80: 29731482 | E80: 220506347039 | G80: 415383339635 | I80: 0 | J80: 0 | L80: 29731482 | M80: 475173664767 | O80: 0 | Q80: 0 | S80: 0 | U80: 0 | W80: =U80/38716017778806 -> 0
A81: فروشگاه های افق کوروش (افق) | C81: 5462947 | E81: 123345412225 | G81: 329308644001 | I81: 0 | J81: 0 | L81: 64730 | M81: 3967464746 | O81: 5398217 | Q81: 61770 | S81: 121883902799 | U81: 330870312105 | W81: =U81/38716017778806 -> 0.0085460833
A82: پلی پروپیلن جم (جم پیلن) | C82: 36718 | E82: 5515130941 | G82: 5550017099 | I82: 0 | J82: 0 | L82: 36718 | M82: 5723808107 | O82: 0 | Q82: 0 | S82: 0 | U82: 0 | W82: =U82/38716017778806 -> 0
A83: سر. صدر تامین (تاصیکو) | C83: 47398202 | E83: 562347516252 | G83: 669733029919 | I83: 0 | J83: 0 | L83: 0 | M83: 0 | O83: 47398202 | Q83: 16400 | S83: 562347516252 | U83: 771321747938 | W83: =U83/38716017778806 -> 0.019922549
A84: سر. صدر تامین (حق تقدم) (تاصیکوح) | C84: 5839956 | E84: 52078511692 | G84: 67915210005 | I84: 0 | J84: 0 | L84: 0 | M84: 0 | O84: 5839956 | Q84: 13580 | S84: 52078511692 | U84: 78693562446 | W84: =U84/38716017778806 -> 0.0020325841
A85: پدیده شیمی قرن (قرن) | C85: 33509349 | E85: 288236656615 | G85: 540650231370 | I85: 0 | J85: 0 | L85: 0 | M85: 0 | O85: 33509349 | Q85: 19530 | S85: 288236656615 | U85: 649378783434 | W85: =U85/38716017778806 -> 0.016772871
A86: پتروشیمی تندگویان (شگویا) | C86: 29800000 | E86: 322061282813 | G86: 305750139640 | I86: 0 | J86: 0 | L86: 0 | M86: 0 | O86: 29800000 | Q86: 8630 | S86: 322061282813 | U86: 255186044980 | W86: =U86/38716017778806 -> 0.0065912266
A87: گروه مالی صبا تامین (صبا) | C87: 19702687 | E87: 88175386540 | G87: 97165414594 | I87: 0 | J87: 0 | L87: 0 | M87: 0 | O87: 19702687 | Q87: 5310 | S87: 88175386540 | U87: 103812545572 | W87: =U87/38716017778806 -> 0.0026813849
A88: سر. سیمان تامین (سیتا) | C88: 7591277 | E88: 156665271893 | G88: 220328445545 | I88: 0 | J88: 0 | L88: 0 | M88: 0 | O88: 7591277 | Q88: 28500 | S88: 156665271893 | U88: 214678998224 | W88: =U88/38716017778806 -> 0.0055449659
A89: سپید ماکیان (سپید) | C89: 9330332 | E89: 70592790301 | G89: 248953227473 | I89: 0 | J89: 0 | L89: 9330332 | M89: 271270680462 | O89: 0 | Q89: 0 | S89: 0 | U89: 0 | W89: =U89/38716017778806 -> 0
... A98: مهرمام میهن (حق تقدم) (مهرمامح) | C98: 16696592 | E98: 29206531223 | G98: 32588326290 | I98: 0 | J98: 0 | L98: 16696592 | M98: 45903123223 | O98: 0 | Q98: 0 | S98: 0 | U98: 0 | W98: =U98/38716017778806 -> 0
E99: =SUM(E10:E98) -> 19461778049292 | G99: =SUM(G10:G98) -> 29779862831789 | J99: =SUM(J10:J98) -> 9493169236365 | M99: =SUM(M10:M98) -> 3556653616646 | S99: =SUM(S10:S98) -> 26758200053922 | U99: =SUM(U10:U98) -> 35032420834523 | W99: =SUM(W10:W98) -> 0.904856

Sheet شمش
A1: صندوق سرمایه گذاری سهامی اهرمی شاخصی کیان
A2: صورت وضعیت پرتفوی
A3: برای ماه منتهی به 1405/04/31
A4: 1- سرمایه گذاری ها
A5: 1-1-سرمایه‌گذاری در بورس کالا
C7: 1405/03/31 | I7: تغییرات طی دوره | O7: 1405/04/31
A8: شرکت | C8: تعداد | E8: بهای تمام شده | G8: خالص ارزش فروش | I8: خرید طی دوره | L8: فروش طی دوره | O8: تعداد | Q8: قیمت بازار هر سهم | S8: بهای تمام شده | U8: خالص ارزش فروش | W8: درصد به کل دارایی‌ها
I9: تعداد | J9: بهای تمام شده | L9: تعداد | M9: مبلغ فروش
A10: گواهی شمش طلا (شمش طلا) | C10: 65302 | E10: 1579997683166 | G10: 1367398023545 | O10: 31547 | Q10: 24939990 | S10: 771030016608 | U10: 582691800302 | W10: =U10/درآمدها!$J$6 -> 0.014636903
A11: گواهی شمش نقره (شمش نقره) | C11: 811 | E11: 1882865533 | G11: 2949000374 | I11: 0 | J11: 0 | L11: 0 | M11: 0 | O11: 138575 | Q11: 4215000 | S11: 580064161101 | U11: 784893588058 | W11: =U11/درآمدها!$J$6 -> 0.019716103
E12: =SUM(E10:E11) -> 1581880548699 | G12: =SUM(G10:G11) -> 1370347023919 | J12: =SUM(J11:J11) -> 0 | M12: =SUM(M11:M11) -> 0 | S12: =SUM(R10:S11) -> 1351094177709 | T12: =SUM(T11:T11) -> 0 | U12: =SUM(U10:U11) -> 1367585388360 | W12: =SUM(W10:W11) -> 0.034353006

Sheet اوراق 
A1: صندوق سرمایه گذاری سهامی اهرمی شاخصی کیان
A2: صورت وضعیت پرتفوی
A3: =' سهام '!$A$3 -> برای ماه منتهی به 1405/04/31
A4: 2-1-سرمایه‌گذاری در اوراق بهادار با درآمد ثابت یا علی‌الحساب
A6: اطلاعات اوراق بهادار با درآمد ثابت | M6: =' سهام '!C7 -> 1405/03/31 | S6: تغییرات طی دوره | Y6: =' سهام '!O7 -> 1405/04/31
A7: نام اوراق | C7: دارای مجوز از سازمان | E7: ‫پذیرفته شده در بورس یا فرابورس | G7: تاریخ انتشار اوراق | I7: تاریخ سررسید | K7: نرخ سود اسمی | M7: تعداد | O7: بهای تمام شده | Q7: خالص ارزش فروش | S7: خرید طی دوره | V7: فروش طی دوره | Y7: تعداد | AA7: قیمت بازار هر ورقه | AC7: بهای تمام شده | AE7: خالص ارزش فروش | AG7: درصد به کل دارایی‌ها
S8: تعداد | T8: بهای تمام شده | V8: تعداد | W8: مبلغ فروش
A10: جمع | O10: =SUM(O9:O9) -> 0 | Q10: =SUM(Q9:Q9) -> 0 | T10: =SUM(T9:T9) -> 0 | W10: =SUM(W9:W9) -> 0 | AC10: =SUM(AC9:AC9) -> 0 | AE10: =SUM(AE9:AE9) -> 0 | AG10: =SUM(AG9:AG9) -> 0

Sheet تعدیل اوراق 
A1: صندوق سرمایه گذاری سهامی اهرمی شاخصی کیان
A2: صورت وضعیت پرتفوی
A3: =' سهام '!A3 -> برای ماه منتهی به 1405/04/31
A5: ‫اوراق بهاداری که ارزش آن‌ها در تاریخ گزارش تعدیل شده
A6: ‫(بر اساس دستورالعمل نحوه تعیین قیمت خرید و فروش اوراق بهادار در صندوق‌های سرمایه گذاری)
C8: =' سهام '!O7 -> 1405/04/31
A9: ‫نام اوراق بهادار | C9: ‫تعداد | E9: ‫قیمت آخرین معامله | G9: ‫قیمت تعدیل شده | I9: ‫درصد تعدیل | K9: ‫خالص ارزش فروش تعدیل شده | M9: ‫دلیل تعدیل
A10: فولاد مبارکه اصفهان | C10: 333019014 | E10: 2610 | G10: 1561 | I10: -0.4 | K10: 515824296934 | M10: با توجه به دستورالعمل نحوة تعيين قيمت خريد و فروش اوراق بهادار در صندوق‌ سرمايه‌گذاري سهامی اهرمی شاخصی کیان درخصوص تغییرات قیمت اوراق بهادار قسمت ج بند 1-2، بنابرتشخيص مدير قیمت کارشناسی لحاظ میگردد.
A11: مبین انرژی خلیج فارس | C11: 18638067 | E11: 13260 | G11: 6630 | I11: -0.5 | K11: 122615185144
A12: فجر انرژی خلیج فارس | C12: 12794824 | E12: 11080 | G12: 5540 | I12: -0.5 | K12: 70335396862
K13: =SUM(K10:K12) -> 708774878940

Sheet سپرده
A1: صندوق سرمایه گذاری سهامی اهرمی شاخصی کیان
A2: صورت وضعیت پرتفوی
A3: =' سهام '!A3 -> برای ماه منتهی به 1405/04/31
A4: 3-1- سرمایه‌گذاری در سپرده‌ بانکی
C6: =' سهام '!C7 -> 1405/03/31 | E6: تغییرات طی دوره | I6: =' سهام '!O7 -> 1405/04/31
A7: سپرده های بانکی | C7: مبلغ | E7: افزایش | G7: کاهش | I7: مبلغ | K7: درصد به کل دارایی‌ها
A9: بانک دی | C9: 2828660189 | E9: 11961537 | G9: 650000 | I9: 2839971726 | K9: =I9/درآمدها!$J$6 -> 7.1338556e-05
A10: بانک گردشگری | C10: 447229610744 | E10: 5156489992462 | G10: 3844713706603 | I10: 1759005896603 | K10: =I10/درآمدها!$J$6 -> 0.044185278
A11: بانک ملت | C11: 2783905 | E11: 6000 | G11: 0 | I11: 2789905 | K11: =I11/درآمدها!$J$6 -> 7.0080907e-08
A12: بانک خاورمیانه | C12: 962545281 | E12: 12987507810353 | G12: 12987728130156 | I12: 742225478 | K12: =I12/درآمدها!$J$6 -> 1.8644303e-05
A13: بانک تجارت | C13: 289166 | E13: 0 | G13: 0 | I13: 289166 | K13: =I13/درآمدها!$J$6 -> 7.2636938e-09
C14: =SUM(C9:C13) -> 451023889285 | E14: =SUM(E9:E13) -> 18144009770352 | G14: =SUM(G9:G13) -> 16832442486759 | I14: =SUM(I9:I13) -> 1762591172878 | K14: =SUM(K9:K13) -> 0.044275338

Sheet درآمدها
A1: =سپرده!A1 -> صندوق سرمایه گذاری سهامی اهرمی شاخصی کیان
A2: صورت وضعیت پرتفوی
A3: =سپرده!A3 -> برای ماه منتهی به 1405/04/31
A5: 2- درآمد حاصل از سرمایه گذاری ها | J5: 11667612909695 | K5: درآمدها
E6: ='اوراق '!Y6 -> 1405/04/31 | J6: 39809773030669 | K6: دارایی‌ها
A7: شرح | C7: یادداشت | E7: مبلغ | G7: درصد از کل درآمدها | I7: درصد از کل داراییها
A8: درآمد حاصل از سرمایه­گذاری در سهام و حق تقدم سهام | C8: 1-2 | E8: ='درآمد سرمایه گذاری در سهام'!S111 -> 11526127146342 | G8: =E8/E14 -> 0.99003611 | I8: =E8/$J$6 -> 0.28953009
A9: درآمد حاصل از سرمایه­گذاری درشمش | C9: 2-2 | E9: ='درآمد سرمایه گذاری در شمش '!S13 -> 14108680878 | G9: =E9/E14 -> 0.0012118644 | I9: =E9/$J$6 -> 0.00035440244
A10: درآمد حاصل از سرمایه­گذاری در واحدهای صندوق های سرمایه­گذاری | C10: 3-2 | E10: 0 | G10: =E10/E14 -> 0 | I10: =E10/$J$6 -> 0
A11: درآمد حاصل از سرمایه گذاری در اوراق بهادار با درآمد ثابت | C11: 4-2 | E11: ='درآمد سرمایه گذاری در اوراق بها'!Q11 -> 0 | G11: =E11/E14 -> 0 | I11: =E11/$J$6 -> 0
A12: درآمد حاصل از سرمایه گذاری در سپرده بانکی و گواهی سپرده | C12: 5-2 | E12: ='درآمد سپرده بانکی'!G12 -> 21997962567 | G12: =E12/E14 -> 0.0018895139 | I12: =E12/$J$6 -> 0.00055257694
A13: سایر درآمدها | E13: ='سایر درآمدها'!E10 -> 79894279388 | G13: =E13/E14 -> 0.0068625151 | I13: =E13/$J$6 -> 0.0020069012
E14: =SUM(E8:E13) -> 11642128069175 | G14: =SUM(G8:G13) -> 1 | I14: =SUM(I8:I13) -> 0.29244397

Sheet درآمد سرمایه گذاری در سهام
A1: =سپرده!A1 -> صندوق سرمایه گذاری سهامی اهرمی شاخصی کیان
A2: صورت وضعیت درآمدها
A3: =درآمدها!A3 -> برای ماه منتهی به 1405/04/31
A5: 1-2-درآمد حاصل از سرمایه­گذاری در سهام و حق تقدم سهام:
C7: طی تیر ماه | M7: از ابتدای سال مالی تا پایان تیر ماه
A8: سهام | C8: درآمد سود سهام | E8: درآمد تغییر ارزش | G8: درآمد فروش | I8: جمع | M8: درآمد سود سهام | O8: درآمد تغییر ارزش | Q8: درآمد فروش | S8: جمع
C10: یادداشت الف | E10: یادداشت ب | G10: یادداشت ج | I10: مبلغ | K10: درصد از کل درآمدها | M10: یادداشت الف | O10: یادداشت ب | Q10: یادداشت ج | S10: مبلغ | U10: درصد از کل درآمدها
A11: سینادارو (دسینا) | C11: =IFERROR(_xlfn.XLOOKUP(A11,'درآمد سود سهام'!$A$8:$A$64,'درآمد سود سهام'!$M$8:$M$64),0) -> 0 | E11: =IFERROR(_xlfn.XLOOKUP(A11,'درآمد ناشی از تغییر قیمت '!$A$7:$A$93,'درآمد ناشی از تغییر قیمت '!$I$7:$I$93),0) -> -28439281864 | G11: =IFERROR(_xlfn.XLOOKUP(A11,'درآمد ناشی ازفروش'!$A$7:$A$57,'درآمد ناشی ازفروش'!$I$7:$I$57),0) -> 28326483900 | I11: =G11+E11+C11 -> -112797964 | K11: =I11/862347005167 -> -0.00013080345 | M11: =IFERROR(_xlfn.XLOOKUP(A11,'درآمد سود سهام'!$A$8:$A$64,'درآمد سود سهام'!$S$8:$S$64),0) -> 6676204800 | O11: =IFERROR(_xlfn.XLOOKUP(A11,'درآمد ناشی از تغییر قیمت '!$A$7:$A$93,'درآمد ناشی از تغییر قیمت '!$Q$7:$Q$93),0) -> 0 | Q11: =IFERROR(_xlfn.XLOOKUP(A11,'درآمد ناشی ازفروش'!A$7:A$57,'درآمد ناشی ازفروش'!$Q$7:$Q$57),0) -> 28326483900 | S11: =Q11+O11+M11 -> 35002688700 | U11: =S11/10805265904528 -> 0.0032394102
A12: فجر انرژی خلیج فارس (بفجر) | C12: =IFERROR(_xlfn.XLOOKUP(A12,'درآمد سود سهام'!$A$8:$A$64,'درآمد سود سهام'!$M$8:$M$64),0) -> 21751200800 | E12: =IFERROR(_xlfn.XLOOKUP(A12,'درآمد ناشی از تغییر قیمت '!$A$7:$A$93,'درآمد ناشی از تغییر قیمت '!$I$7:$I$93),0) -> -10791532009 | G12: =IFERROR(_xlfn.XLOOKUP(A12,'درآمد ناشی ازفروش'!$A$7:$A$57,'درآمد ناشی ازفروش'!$I$7:$I$57),0) -> 0 | I12: =G12+E12+C12 -> 10959668791 | K12: =I12/862347005167 -> 0.012709117 | M12: =IFERROR(_xlfn.XLOOKUP(A12,'درآمد سود سهام'!$A$8:$A$64,'درآمد سود سهام'!$S$8:$S$64),0) -> 21751200800 | O12: =IFERROR(_xlfn.XLOOKUP(A12,'درآمد ناشی از تغییر قیمت '!$A$7:$A$93,'درآمد ناشی از تغییر قیمت '!$Q$7:$Q$93),0) -> -10791532009 | Q12: =IFERROR(_xlfn.XLOOKUP(A12,'درآمد ناشی ازفروش'!A$7:A$57,'درآمد ناشی ازفروش'!$Q$7:$Q$57),0) -> 0 | S12: =Q12+O12+M12 -> 10959668791 | U12: =S12/10805265904528 -> 0.0010142896
A13: تاید واتر خاورمیانه (حتاید) | C13: =IFERROR(_xlfn.XLOOKUP(A13,'درآمد سود سهام'!$A$8:$A$64,'درآمد سود سهام'!$M$8:$M$64),0) -> 21344973900 | E13: =IFERROR(_xlfn.XLOOKUP(A13,'درآمد ناشی از تغییر قیمت '!$A$7:$A$93,'درآمد ناشی از تغییر قیمت '!$I$7:$I$93),0) -> -17089982150 | G13: =IFERROR(_xlfn.XLOOKUP(A13,'درآمد ناشی ازفروش'!$A$7:$A$57,'درآمد ناشی ازفروش'!$I$7:$I$57),0) -> 0 | I13: =G13+E13+C13 -> 4254991750 | K13: =I13/862347005167 -> 0.004934199 | M13: =IFERROR(_xlfn.XLOOKUP(A13,'درآمد سود سهام'!$A$8:$A$64,'درآمد سود سهام'!$S$8:$S$64),0) -> 21344973900 | O13: =IFERROR(_xlfn.XLOOKUP(A13,'درآمد ناشی از تغییر قیمت '!$A$7:$A$93,'درآمد ناشی از تغییر قیمت '!$Q$7:$Q$93),0) -> 8471911477 | Q13: =IFERROR(_xlfn.XLOOKUP(A13,'درآمد ناشی ازفروش'!A$7:A$57,'درآمد ناشی ازفروش'!$Q$7:$Q$57),0) -> 0 | S13: =Q13+O13+M13 -> 29816885377 | U13: =S13/10805265904528 -> 0.0027594772
A14: آلومینای ایران (آلومینا) | C14: =IFERROR(_xlfn.XLOOKUP(A14,'درآمد سود سهام'!$A$8:$A$64,'درآمد سود سهام'!$M$8:$M$64),0) -> 0 | E14: =IFERROR(_xlfn.XLOOKUP(A14,'درآمد ناشی از تغییر قیمت '!$A$7:$A$93,'درآمد ناشی از تغییر قیمت '!$I$7:$I$93),0) -> 309695622 | G14: =IFERROR(_xlfn.XLOOKUP(A14,'درآمد ناشی ازفروش'!$A$7:$A$57,'درآمد ناشی ازفروش'!$I$7:$I$57),0) -> 0 | I14: =G14+E14+C14 -> 309695622 | K14: =I14/862347005167 -> 0.00035913109 | M14: =IFERROR(_xlfn.XLOOKUP(A14,'درآمد سود سهام'!$A$8:$A$64,'درآمد سود سهام'!$S$8:$S$64),0) -> 0 | O14: =IFERROR(_xlfn.XLOOKUP(A14,'درآمد ناشی از تغییر قیمت '!$A$7:$A$93,'درآمد ناشی از تغییر قیمت '!$Q$7:$Q$93),0) -> 309695622 | Q14: =IFERROR(_xlfn.XLOOKUP(A14,'درآمد ناشی ازفروش'!A$7:A$57,'درآمد ناشی ازفروش'!$Q$7:$Q$57),0) -> 0 | S14: =Q14+O14+M14 -> 309695622 | U14: =S14/10805265904528 -> 2.8661546e-05
A15: معدنی املاح ایران (شاملا) | C15: =IFERROR(_xlfn.XLOOKUP(A15,'درآمد سود سهام'!$A$8:$A$64,'درآمد سود سهام'!$M$8:$M$64),0) -> 0 | E15: =IFERROR(_xlfn.XLOOKUP(A15,'درآمد ناشی از تغییر قیمت '!$A$7:$A$93,'درآمد ناشی از تغییر قیمت '!$I$7:$I$93),0) -> 5239524251 | G15: =IFERROR(_xlfn.XLOOKUP(A15,'درآمد ناشی ازفروش'!$A$7:$A$57,'درآمد ناشی ازفروش'!$I$7:$I$57),0) -> 0 | I15: =G15+E15+C15 -> 5239524251 | K15: =I15/862347005167 -> 0.0060758885 | M15: =IFERROR(_xlfn.XLOOKUP(A15,'درآمد سود سهام'!$A$8:$A$64,'درآمد سود سهام'!$S$8:$S$64),0) -> 4647673670 | O15: =IFERROR(_xlfn.XLOOKUP(A15,'درآمد ناشی از تغییر قیمت '!$A$7:$A$93,'درآمد ناشی از تغییر قیمت '!$Q$7:$Q$93),0) -> 22189505936 | Q15: =IFERROR(_xlfn.XLOOKUP(A15,'درآمد ناشی ازفروش'!A$7:A$57,'درآمد ناشی ازفروش'!$Q$7:$Q$57),0) -> 62503430805 | S15: =Q15+O15+M15 -> 89340610411 | U15: =S15/10805265904528 -> 0.0082682473
A16: مواد داروپخش (دتماد) | C16: =IFERROR(_xlfn.XLOOKUP(A16,'درآمد سود سهام'!$A$8:$A$64,'درآمد سود سهام'!$M$8:$M$64),0) -> 12202599750 | E16: =IFERROR(_xlfn.XLOOKUP(A16,'درآمد ناشی از تغییر قیمت '!$A$7:$A$93,'درآمد ناشی از تغییر قیمت '!$I$7:$I$93),0) -> 62468468731 | G16: =IFERROR(_xlfn.XLOOKUP(A16,'درآمد ناشی ازفروش'!$A$7:$A$57,'درآمد ناشی ازفروش'!$I$7:$I$57),0) -> 0 | I16: =G16+E16+C16 -> 74671068481 | K16: =I16/862347005167 -> 0.086590512 | M16: =IFERROR(_xlfn.XLOOKUP(A16,'درآمد سود سهام'!$A$8:$A$64,'درآمد سود سهام'!$S$8:$S$64),0) -> 12202599750 | O16: =IFERROR(_xlfn.XLOOKUP(A16,'درآمد ناشی از تغییر قیمت '!$A$7:$A$93,'درآمد ناشی از تغییر قیمت '!$Q$7:$Q$93),0) -> 83117245253 | Q16: =IFERROR(_xlfn.XLOOKUP(A16,'درآمد ناشی ازفروش'!A$7:A$57,'درآمد ناشی ازفروش'!$Q$7:$Q$57),0) -> 0 | S16: =Q16+O16+M16 -> 95319845003 | U16: =S16/10805265904528 -> 0.0088216103
A17: گروه صنعتی پاکشو (پاکشو) | C17: =IFERROR(_xlfn.XLOOKUP(A17,'درآمد سود سهام'!$A$8:$A$64,'درآمد سود سهام'!$M$8:$M$64),0) -> 46435431000 | E17: =IFERROR(_xlfn.XLOOKUP(A17,'درآمد ناشی از تغییر قیمت '!$A$7:$A$93,'درآمد ناشی از تغییر قیمت '!$I$7:$I$93),0) -> 104099351164 | G17: =IFERROR(_xlfn.XLOOKUP(A17,'درآمد ناشی ازفروش'!$A$7:$A$57,'درآمد ناشی ازفروش'!$I$7:$I$57),0) -> 0 | I17: =G17+E17+C17 -> 150534782164 | K17: =I17/862347005167 -> 0.17456405 | M17: =IFERROR(_xlfn.XLOOKUP(A17,'درآمد سود سهام'!$A$8:$A$64,'درآمد سود سهام'!$S$8:$S$64),0) -> 46435431000 | O17: =IFERROR(_xlfn.XLOOKUP(A17,'درآمد ناشی از تغییر قیمت '!$A$7:$A$93,'درآمد ناشی از تغییر قیمت '!$Q$7:$Q$93),0) -> 201899609882 | Q17: =IFERROR(_xlfn.XLOOKUP(A17,'درآمد ناشی ازفروش'!A$7:A$57,'درآمد ناشی ازفروش'!$Q$7:$Q$57),0) -> 0 | S17: =Q17+O17+M17 -> 248335040882 | U17: =S17/10805265904528 -> 0.022982779
A18: سر. غدیر (وغدیر) | C18: =IFERROR(_xlfn.XLOOKUP(A18,'درآمد سود سهام'!$A$8:$A$64,'درآمد سود سهام'!$M$8:$M$64),0) -> 0 | E18: =IFERROR(_xlfn.XLOOKUP(A18,'درآمد ناشی از تغییر قیمت '!$A$7:$A$93,'درآمد ناشی از تغییر قیمت '!$I$7:$I$93),0) -> -162009599693 | G18: =IFERROR(_xlfn.XLOOKUP(A18,'درآمد ناشی ازفروش'!$A$7:$A$57,'درآمد ناشی ازفروش'!$I$7:$I$57),0) -> 0 | I18: =G18+E18+C18 -> -162009599693 | K18: =I18/862347005167 -> -0.18787054 | M18: =IFERROR(_xlfn.XLOOKUP(A18,'درآمد سود سهام'!$A$8:$A$64,'درآمد سود سهام'!$S$8:$S$64),0) -> 0 | O18: =IFERROR(_xlfn.XLOOKUP(A18,'درآمد ناشی از تغییر قیمت '!$A$7:$A$93,'درآمد ناشی از تغییر قیمت '!$Q$7:$Q$93),0) -> 291054764918 | Q18: =IFERROR(_xlfn.XLOOKUP(A18,'درآمد ناشی ازفروش'!A$7:A$57,'درآمد ناشی ازفروش'!$Q$7:$Q$57),0) -> 0 | S18: =Q18+O18+M18 -> 291054764918 | U18: =S18/10805265904528 -> 0.026936382
A19: دارو اکسیر (دلر) | C19: =IFERROR(_xlfn.XLOOKUP(A19,'درآمد سود سهام'!$A$8:$A$64,'درآمد سود سهام'!$M$8:$M$64),0) -> 19086476280 | E19: =IFERROR(_xlfn.XLOOKUP(A19,'درآمد ناشی از تغییر قیمت '!$A$7:$A$93,'درآمد ناشی از تغییر قیمت '!$I$7:$I$93),0) -> 152921848979 | G19: =IFERROR(_xlfn.XLOOKUP(A19,'درآمد ناشی ازفروش'!$A$7:$A$57,'درآمد ناشی ازفروش'!$I$7:$I$57),0) -> 0 | I19: =G19+E19+C19 -> 172008325259 | K19: =I19/862347005167 -> 0.19946532 | M19: =IFERROR(_xlfn.XLOOKUP(A19,'درآمد سود سهام'!$A$8:$A$64,'درآمد سود سهام'!$S$8:$S$64),0) -> 19086476280 | O19: =IFERROR(_xlfn.XLOOKUP(A19,'درآمد ناشی از تغییر قیمت '!$A$7:$A$93,'درآمد ناشی از تغییر قیمت '!$Q$7:$Q$93),0) -> 279853027975 | Q19: =IFERROR(_xlfn.XLOOKUP(A19,'درآمد ناشی ازفروش'!A$7:A$57,'درآمد ناشی ازفروش'!$Q$7:$Q$57),0) -> 0 | S19: =Q19+O19+M19 -> 298939504255 | U19: =S19/10805265904528 -> 0.027666094
A20: کاشی الوند (کلوند) | C20: =IFERROR(_xlfn.XLOOKUP(A20,'درآمد سود سهام'!$A$8:$A$64,'درآمد سود سهام'!$M$8:$M$64),0) -> 0 | E20: =IFERROR(_xlfn.XLOOKUP(A20,'درآمد ناشی از تغییر قیمت '!$A$7:$A$93,'درآمد ناشی از تغییر قیمت '!$I$7:$I$93),0) -> -1184351998 | G20: =IFERROR(_xlfn.XLOOKUP(A20,'درآمد ناشی ازفروش'!$A$7:$A$57,'درآمد ناشی ازفروش'!$I$7:$I$57),0) -> 1103282518 | I20: =G20+E20+C20 -> -81069480 | K20: =I20/862347005167 -> -9.4010276e-05 | M20: =IFERROR(_xlfn.XLOOKUP(A20,'درآمد سود سهام'!$A$8:$A$64,'درآمد سود سهام'!$S$8:$S$64),0) -> 0 | O20: =IFERROR(_xlfn.XLOOKUP(A20,'درآمد ناشی از تغییر قیمت '!$A$7:$A$93,'درآمد ناشی از تغییر قیمت '!$Q$7:$Q$93),0) -> 0 | Q20: =IFERROR(_xlfn.XLOOKUP(A20,'درآمد ناشی ازفروش'!A$7:A$57,'درآمد ناشی ازفروش'!$Q$7:$Q$57),0) -> 1103282518 | S20: =Q20+O20+M20 -> 1103282518 | U20: =S20/10805265904528 -> 0.000102106
A21: پالایش نفت اصفهان (شپنا) | C21: =IFERROR(_xlfn.XLOOKUP(A21,'درآمد سود سهام'!$A$8:$A$64,'درآمد سود سهام'!$M$8:$M$64),0) -> 203417700900 | E21: =IFERROR(_xlfn.XLOOKUP(A21,'درآمد ناشی از تغییر قیمت '!$A$7:$A$93,'درآمد ناشی از تغییر قیمت '!$I$7:$I$93),0) -> 61908692376 | G21: =IFERROR(_xlfn.XLOOKUP(A21,'درآمد ناشی ازفروش'!$A$7:$A$57,'درآمد ناشی ازفروش'!$I$7:$I$57),0) -> 0 | I21: =G21+E21+C21 -> 265326393276 | K21: =I21/862347005167 -> 0.30767938 | M21: =IFERROR(_xlfn.XLOOKUP(A21,'درآمد سود سهام'!$A$8:$A$64,'درآمد سود سهام'!$S$8:$S$64),0) -> 203417700900 | O21: =IFERROR(_xlfn.XLOOKUP(A21,'درآمد ناشی از تغییر قیمت '!$A$7:$A$93,'درآمد ناشی از تغییر قیمت '!$Q$7:$Q$93),0) -> 1129281810405 | Q21: =IFERROR(_xlfn.XLOOKUP(A21,'درآمد ناشی ازفروش'!A$7:A$57,'درآمد ناشی ازفروش'!$Q$7:$Q$57),0) -> 0 | S21: =Q21+O21+M21 -> 1332699511305 | U21: =S21/10805265904528 -> 0.12333797
A22: پست بانک ایران (وپست) | C22: =IFERROR(_xlfn.XLOOKUP(A22,'درآمد سود سهام'!$A$8:$A$64,'درآمد سود سهام'!$M$8:$M$64),0) -> 48661956000 | E22: =IFERROR(_xlfn.XLOOKUP(A22,'درآمد ناشی از تغییر قیمت '!$A$7:$A$93,'درآمد ناشی از تغییر قیمت '!$I$7:$I$93),0) -> -76561267010 | G22: =IFERROR(_xlfn.XLOOKUP(A22,'درآمد ناشی ازفروش'!$A$7:$A$57,'درآمد ناشی ازفروش'!$I$7:$I$57),0) -> 0 | I22: =G22+E22+C22 -> -27899311010 | K22: =I22/862347005167 -> -0.032352766 | M22: =IFERROR(_xlfn.XLOOKUP(A22,'درآمد سود سهام'!$A$8:$A$64,'درآمد سود سهام'!$S$8:$S$64),0) -> 48661956000 | O22: =IFERROR(_xlfn.XLOOKUP(A22,'درآمد ناشی از تغییر قیمت '!$A$7:$A$93,'درآمد ناشی از تغییر قیمت '!$Q$7:$Q$93),0) -> 109457846837 | Q22: =IFERROR(_xlfn.XLOOKUP(A22,'درآمد ناشی ازفروش'!A$7:A$57,'درآمد ناشی ازفروش'!$Q$7:$Q$57),0) -> 0 | S22: =Q22+O22+M22 -> 158119802837 | U22: =S22/10805265904528 -> 0.014633587
... A110: مهرمام میهن (حق تقدم) (مهرمامح) | C110: =IFERROR(_xlfn.XLOOKUP(A110,'درآمد سود سهام'!$A$8:$A$64,'درآمد سود سهام'!$M$8:$M$64),0) -> 0 | E110: =IFERROR(_xlfn.XLOOKUP(A110,'درآمد ناشی از تغییر قیمت '!$A$7:$A$93,'درآمد ناشی از تغییر قیمت '!$I$7:$I$93),0) -> -3381795067 | G110: =IFERROR(_xlfn.XLOOKUP(A110,'درآمد ناشی ازفروش'!$A$7:$A$57,'درآمد ناشی ازفروش'!$I$7:$I$57),0) -> 0 | I110: =G110+E110+C110 -> -3381795067 | K110: =I110/862347005167 -> -0.0039216175 | M110: =IFERROR(_xlfn.XLOOKUP(A110,'درآمد سود سهام'!$A$8:$A$64,'درآمد سود سهام'!$S$8:$S$64),0) -> 0 | O110: =IFERROR(_xlfn.XLOOKUP(A110,'درآمد ناشی از تغییر قیمت '!$A$7:$A$93,'درآمد ناشی از تغییر قیمت '!$Q$7:$Q$93),0) -> 0 | Q110: =IFERROR(_xlfn.XLOOKUP(A110,'درآمد ناشی ازفروش'!A$7:A$57,'درآمد ناشی ازفروش'!$Q$7:$Q$57),0) -> 0 | S110: =Q110+O110+M110 -> 0 | U110: =S110/10805265904528 -> 0
C111: =SUM(C11:C110) -> 1244237376333 | E111: =SUM(E11:E110) -> -2118773326630 | G111: =SUM(G11:G110) -> 1425768629822 | I111: =SUM(I11:I110) -> 551232679525 | K111: =SUM(K11:K110) -> 0.63922374 | M111: =SUM(M11:M110) -> 1506141150150 | O111: =SUM(O11:O110) -> 7095594484618 | Q111: =SUM(Q11:Q110) -> 2924391511574 | S111: =SUM(S11:S110) -> 11526127146342 | U111: =SUM(U11:U110) -> 1.0667139

Sheet درآمد سرمایه گذاری در شمش 
A1: =سپرده!A1 -> صندوق سرمایه گذاری سهامی اهرمی شاخصی کیان
A2: صورت وضعیت درآمدها
A3: =درآمدها!A3 -> برای ماه منتهی به 1405/04/31
A5: 2-2-درآمد حاصل از سرمایه­گذاری در سهام و حق تقدم سهام:
C7: طی تیر ماه | M7: از ابتدای سال مالی تا پایان تیر ماه
A8: سهام | C8: درآمد سود سهام | E8: درآمد تغییر ارزش | G8: درآمد فروش | I8: جمع | M8: درآمد سود سهام | O8: درآمد تغییر ارزش | Q8: درآمد فروش | S8: جمع
C10: یادداشت الف | E10: یادداشت ب | G10: یادداشت ج | I10: مبلغ | K10: درصد از کل درآمدها | M10: یادداشت الف | O10: یادداشت ب | Q10: یادداشت ج | S10: مبلغ | U10: درصد از کل درآمدها
A11: گواهی شمش طلا (شمش طلا) | C11: 0 | E11: ='درآمد ناشی از تغییر قیمت '!I94 -> 226463231071 | G11: ='درآمد ناشی ازفروش'!I57 -> 33266646168 | I11: =G11+E11+C11 -> 259729877239 | K11: =I11/10805265904528 -> 0.024037342 | M11: 0 | O11: ='درآمد ناشی از تغییر قیمت '!Q94 -> 13863571450 | Q11: 0 | S11: =Q11+O11+M11 -> 13863571450 | U11: =S11/درآمدها!J5 -> 0.0011882098
A12: گواهی شمش نقره (شمش نقره) | C12: 0 | E12: ='درآمد ناشی از تغییر قیمت '!I95 -> 1561504360 | G12: 0 | I12: =G12+E12+C12 -> 1561504360 | K12: =I12/10805265904528 -> 0.00014451327 | M12: 0 | O12: ='درآمد ناشی از تغییر قیمت '!Q95 -> 245109428 | Q12: 0 | S12: =Q12+O12+M12 -> 245109428 | U12: =S12/درآمدها!J6 -> 6.1570165e-06
C13: =SUM(C11:C12) -> 0 | E13: =SUM(E11:E12) -> 228024735431 | G13: =SUM(G11:G12) -> 33266646168 | I13: =SUM(I11:I12) -> 261291381599 | K13: =SUM(K11:K12) -> 0.024181856 | M13: =SUM(M11:M12) -> 0 | O13: =SUM(O11:O12) -> 14108680878 | Q13: =SUM(Q11:Q12) -> 0 | S13: =SUM(S11:S12) -> 14108680878 | U13: =SUM(U11:U12) -> 0.0011943668

Sheet درآمد سرمایه گذاری در اوراق بها
A1: =سپرده!A1 -> صندوق سرمایه گذاری سهامی اهرمی شاخصی کیان
A2: صورت وضعیت درآمدها
A3: =درآمدها!A3 -> برای ماه منتهی به 1405/04/31
A4: 2-2-درآمد حاصل از سرمایه­گذاری در اوراق بهادار با درآمد ثابت:
C6: ='درآمد سرمایه گذاری در شمش '!C7 -> طی تیر ماه | K6: ='درآمد سرمایه گذاری در شمش '!M7 -> از ابتدای سال مالی تا پایان تیر ماه
C7: درآمد سود اوراق | E7: درآمد تغییر ارزش | G7: درآمد فروش | I7: جمع | K7: درآمد سود اوراق | M7: درآمد تغییر ارزش | O7: درآمد فروش | Q7: جمع
C9: یادداشت د | E9: یادداشت ب | G9: یادداشت ج | K9: یادداشت د | M9: یادداشت ب | O9: یادداشت ج
A11: جمع | C11: =SUM(C10:C10) -> 0 | E11: =SUM(E10:E10) -> 0 | G11: =SUM(G10:G10) -> 0 | I11: =SUM(I10:I10) -> 0 | K11: =SUM(K10:K10) -> 0 | M11: =SUM(M10:M10) -> 0 | O11: =SUM(O10:O10) -> 0 | Q11: =SUM(Q10:Q10) -> 0

Sheet درآمد سپرده بانکی
A1: =سپرده!A1 -> صندوق سرمایه گذاری سهامی اهرمی شاخصی کیان
A2: صورت وضعیت درآمدها
A3: =' سهام '!A3 -> برای ماه منتهی به 1405/04/31
A4: 3-2-درآمد حاصل از سرمایه­گذاری در سپرده بانکی و گواهی سپرده:
A6: نام سپرده بانکی | C6: ='درآمد سرمایه گذاری در شمش '!C7 -> طی تیر ماه | G6: ='درآمد سرمایه گذاری در شمش '!M7 -> از ابتدای سال مالی تا پایان تیر ماه
A7: نام سپرده | C7: سود سپرده بانکی و گواهی سپرده | E7: درصد سود به میانگین سپرده | G7: سود سپرده بانکی و گواهی سپرده | I7: درصد سود به میانگین سپرده
A8: کوتاه مدت خاورمیانه | C8: =_xlfn.XLOOKUP(A8,'سود سپرده بانکی'!$A$8:$A$10,'سود سپرده بانکی'!$F$8:$F$10) -> 578656 | E8: =C8/$C$12 -> 3.3076279e-05 | G8: =_xlfn.XLOOKUP(A8,'سود سپرده بانکی'!A8,'سود سپرده بانکی'!L8) -> 4648892 | I8: =G8/$G$12 -> 0.00021133284
A9: کوتاه مدت ملت | C9: =_xlfn.XLOOKUP(A9,'سود سپرده بانکی'!$A$8:$A$10,'سود سپرده بانکی'!$F$8:$F$10) -> 6000 | E9: =C9/$C$12 -> 3.4296313e-07 | G9: =_xlfn.XLOOKUP(A9,'سود سپرده بانکی'!A9,'سود سپرده بانکی'!L9) -> 11975 | I9: =G9/$G$12 -> 5.443686e-07
A10: بانک گردشگری | C10: =_xlfn.XLOOKUP(A10,'سود سپرده بانکی'!$A$8:$A$10,'سود سپرده بانکی'!$F$8:$F$10) -> 17482045859 | E10: =C10/$C$12 -> 0.99928285 | G10: =_xlfn.XLOOKUP(A10,'سود سپرده بانکی'!A10,'سود سپرده بانکی'!L10) -> 21969429020 | I10: =G10/$G$12 -> 0.9987029
A11: کوتاه مدت دی | C11: ='سود سپرده بانکی'!B11 -> 11961537 | E11: =C11/$C$12 -> 0.00068372769 | G11: ='سود سپرده بانکی'!H11 -> 23872680 | I11: =G11/$G$12 -> 0.0010852223
C12: =SUM(C8:C11) -> 17494592052 | E12: =SUM(E8:E10) -> 0.99931627 | G12: =SUM(G8:G11) -> 21997962567 | I12: =SUM(I8:I11) -> 1
T38: کوتاه مدت خاورمیانه | V38: =VLOOKUP(T38,'[1]سود سپرده بانکی'!$A$8:$L$20,6,0) -> 2648268 | X38: =V38/$C$12 -> 0.00015137638 | Z38: =VLOOKUP(T38,'[1]سود سپرده بانکی'!$A$8:$L$20,12,0) -> 104186065 | AB38: =Z38/$G$12 -> 0.0047361688

Sheet سایر درآمدها
A1: =سپرده!A1 -> صندوق سرمایه گذاری سهامی اهرمی شاخصی کیان
A2: صورت وضعیت درآمدها
A3: =درآمدها!A3 -> برای ماه منتهی به 1405/04/31
A4: 4-2-سایر درآمدها:
C5: ='درآمد سرمایه گذاری در شمش '!C7 -> طی تیر ماه | E5: ='درآمد سرمایه گذاری در شمش '!M7 -> از ابتدای سال مالی تا پایان تیر ماه
C6: مبلغ | E6: مبلغ
A8: سایر درآمدها | C8: 100799717401 | E8: 79879755668
A9: تعدیل کارمزد کارگزاری | C9: 982794098 | E9: 14523720
A10: جمع | C10: =C8+C9 -> 101782511499 | E10: =SUM(E8:E9) -> 79894279388

Sheet درآمد سود سهام
A1: =سپرده!A1 -> صندوق سرمایه گذاری سهامی اهرمی شاخصی کیان
A2: صورت وضعیت درآمدها
A3: =درآمدها!A3 -> برای ماه منتهی به 1405/04/31
A4: ‫الف- درآمد سود سهام
C6: ‫اطلاعات مجمع | I6: ‫طی دوره | O6: ='درآمد سرمایه گذاری در شمش '!M7 -> از ابتدای سال مالی تا پایان تیر ماه
A7: ‫نام سهام | C7: ‫تاریخ تشکیل مجمع | E7: ‫تعداد سهام متعلقه در زمان مجمع | G7: ‫سود متعلق به هر سهم | I7: ‫جمع درآمد سود سهام | K7: ‫هزینه تنزیل | M7: ‫خالص درآمد سود سهام | O7: ‫جمع درآمد سود سهام | Q7: ‫هزینه تنزیل | S7: ‫خالص درآمد سود سهام
A8: سبحان دارو (دسبحان) | C8: 1405/02/23 | E8: 39607975 | G8: 160 | I8: 0 | K8: -122780938 | M8: =I8+K8 -> -122780938 | O8: 0 | Q8: 0 | S8: =O8+Q8 -> 0
A9: داروسازی دانا (ددانا) | C9: 1404/12/05 | E9: 20377978 | G9: 200 | I9: 0 | K9: -130405149 | M9: =I9+K9 -> -130405149 | O9: 0 | Q9: 0 | S9: =O9+Q9 -> 0
A10: البرزدارو (دالبر) | C10: 1405/02/30 | E10: 53338900 | G10: 180 | I10: 0 | K10: -186991192 | M10: =I10+K10 -> -186991192 | Q10: 0 | S10: =O10+Q10 -> 0
A11: کویر تایر (پکویر) | C11: 1405/01/31 | E11: 22053069 | G11: 580 | K11: -257149642 | M11: =I11+K11 -> -257149642 | Q11: 0 | S11: =O11+Q11 -> 0
A12: صنایع غذایی مینو شرق (غمینو) | C12: 1405/03/03 | E12: 4340500 | G12: 310 | I12: 0 | K12: =-_xlfn.XLOOKUP(A12,$V$9:$V$59,$W$9:$W$59,0) -> 0 | M12: =I12+K12 -> 0 | O12: 1345555000 | Q12: 0 | S12: =O12+Q12 -> 1345555000
A13: پارس مینو (غپینو) | C13: 1405/03/03 | E13: 11569529 | G13: 60 | I13: 0 | K13: =-_xlfn.XLOOKUP(A13,$V$9:$V$59,$W$9:$W$59,0) -> 0 | M13: =I13+K13 -> 0 | O13: 694171740 | Q13: 0 | S13: =O13+Q13 -> 694171740
A14: بورس کالای ایران (کالا) | C14: 1405/03/12 | E14: 10000000 | G14: 530 | I14: 0 | K14: =-_xlfn.XLOOKUP(A14,$V$9:$V$59,$W$9:$W$59,0) -> 0 | M14: =I14+K14 -> 0 | O14: 5300000000 | Q14: 0 | S14: =O14+Q14 -> 5300000000
A15: آریان کیمیا تک (کیمیاتک) | C15: 1405/03/16 | E15: 720525 | G15: 1000 | I15: 0 | K15: =-_xlfn.XLOOKUP(A15,$V$9:$V$59,$W$9:$W$59,0) -> 0 | M15: =I15+K15 -> 0 | O15: 720525000 | Q15: 0 | S15: =O15+Q15 -> 720525000
A16: سیمان فارس نو (سفانو) | C16: 1405/03/18 | E16: 1329006 | G16: 7435 | I16: 0 | K16: =-_xlfn.XLOOKUP(A16,$V$9:$V$59,$W$9:$W$59,0) -> 0 | M16: =I16+K16 -> 0 | O16: 9881159610 | Q16: 0 | S16: =O16+Q16 -> 9881159610
A17: سیمان صوفیان (سصوفی) | C17: 1405/03/19 | E17: 168043 | G17: 27400 | I17: 0 | K17: =-_xlfn.XLOOKUP(A17,$V$9:$V$59,$W$9:$W$59,0) -> 0 | M17: =I17+K17 -> 0 | O17: 4604378200 | Q17: 0 | S17: =O17+Q17 -> 4604378200
A18: سیمان ارومیه (ساروم) | C18: 1405/03/20 | E18: 172673 | G18: 28874 | I18: 0 | K18: =-_xlfn.XLOOKUP(A18,$V$9:$V$59,$W$9:$W$59,0) -> 0 | M18: =I18+K18 -> 0 | O18: 4985760202 | Q18: 0 | S18: =O18+Q18 -> 4985760202
A19: معدنی املاح ایران (شاملا) | C19: 1405/03/24 | E19: 2433337 | G19: 1910 | I19: 0 | K19: =-_xlfn.XLOOKUP(A19,$V$9:$V$59,$W$9:$W$59,0) -> 0 | M19: =I19+K19 -> 0 | O19: 4647673670 | Q19: 0 | S19: =O19+Q19 -> 4647673670
A20: سیمان آبیک (سآبیک) | C20: 1405/03/25 | E20: 4309448 | G20: 9700 | I20: 0 | K20: =-_xlfn.XLOOKUP(A20,$V$9:$V$59,$W$9:$W$59,0) -> 0 | M20: =I20+K20 -> 0 | O20: 41801645600 | Q20: 0 | S20: =O20+Q20 -> 41801645600
A21: پتروشیمی شیراز (شیراز) | C21: 1405/03/27 | E21: 16294968 | G21: 6928 | I21: 0 | K21: =-_xlfn.XLOOKUP(A21,$V$9:$V$59,$W$9:$W$59,0) -> 0 | M21: =I21+K21 -> 0 | O21: 112891538304 | Q21: 0 | S21: =O21+Q21 -> 112891538304
A22: سپید ماکیان (سپید) | C22: 1405/03/27 | E22: 28830332 | G22: 1500 | I22: 0 | K22: =-_xlfn.XLOOKUP(A22,$V$9:$V$59,$W$9:$W$59,0) -> 0 | M22: =I22+K22 -> 0 | O22: 43245498000 | Q22: 0 | S22: =O22+Q22 -> 43245498000
A23: توسعه معدنی و صنعتی صبانور (کنور) | C23: 1405/03/28 | E23: 10757639 | G23: 630 | I23: 0 | K23: =-_xlfn.XLOOKUP(A23,$V$9:$V$59,$W$9:$W$59,0) -> 0 | M23: =I23+K23 -> 0 | O23: 6777312570 | Q23: 0 | S23: =O23+Q23 -> 6777312570
... A64: فجر انرژی خلیج فارس (بفجر) | C64: 1405/04/31 | E64: 12794824 | G64: 1700 | I64: 21751200800 | K64: =-_xlfn.XLOOKUP(A64,$V$9:$V$59,$W$9:$W$59,0) -> 0 | M64: =I64+K64 -> 21751200800 | O64: 21751200800 | Q64: 0 | S64: =O64+Q64 -> 21751200800
A65: ‫جمع | I65: =SUM(I8:I64) -> 1244934703254 | K65: =SUM(K8:K64) -> -697326921 | M65: =I65+K65 -> 1244237376333 | N65: =SUM(N8:N64) -> 0 | O65: =SUM(O8:O64) -> 1506141150150 | P65: =SUM(P8:P64) -> 0 | Q65: =SUM(Q8:Q64) -> 0 | R65: =SUM(R8:R64) -> 0 | S65: =O65+Q65 -> 1506141150150
O133: 0
O134: 0
O135: 0
O136: 0

Sheet سود اوراق بهادار
A1: =سپرده!A1 -> صندوق سرمایه گذاری سهامی اهرمی شاخصی کیان
A2: صورت وضعیت درآمدها
A3: =درآمدها!A3 -> برای ماه منتهی به 1405/04/31
A5: د- سود اوراق بهادار با درآمد ثابت
H6: ='درآمد سرمایه گذاری در شمش '!C7 -> طی تیر ماه | N6: ='درآمد سرمایه گذاری در شمش '!M7 -> از ابتدای سال مالی تا پایان تیر ماه
A7: شرح | B7: تاریخ دریافت سود | D7: تاریخ سررسید | F7: نرخ سود | H7: درآمد سود | J7: هزینه تنزیل | L7: خالص درآمد | N7: درآمد سود | P7: هزینه تنزیل | R7: خالص درآمد
H9: =SUM(H8:H8) -> 0 | J9: =SUM(J8:J8) -> 0 | L9: =SUM(L8:L8) -> 0 | N9: =SUM(N8:N8) -> 0 | P9: =SUM(P8:P8) -> 0 | Q9: =SUM(#REF!) -> #REF! | R9: =SUM(R8:R8) -> 0

Sheet سود سپرده بانکی
A1: =سپرده!A1 -> صندوق سرمایه گذاری سهامی اهرمی شاخصی کیان
A2: صورت وضعیت درآمدها
A3: =' سهام '!A3 -> برای ماه منتهی به 1405/04/31
A5: سود اوراق بهادار با درآمد ثابت و سپرده بانکی
B6: ='درآمد سرمایه گذاری در شمش '!C7 -> طی تیر ماه | H6: ='درآمد سرمایه گذاری در شمش '!M7 -> از ابتدای سال مالی تا پایان تیر ماه
A7: شرح | B7: درآمد سود | D7: هزینه تنزیل | F7: خالص درآمد | H7: درآمد سود | J7: هزینه تنزیل | L7: خالص درآمد
A8: کوتاه مدت خاورمیانه | B8: 578656 | D8: 0 | F8: =B8+D8 -> 578656 | H8: 4648892 | J8: 0 | L8: =H8+J8 -> 4648892
A9: کوتاه مدت ملت | B9: 6000 | D9: 0 | F9: =B9+D9 -> 6000 | H9: 11975 | J9: 0 | L9: =H9+J9 -> 11975
A10: بانک گردشگری | B10: 17482045859 | D10: 0 | F10: =B10+D10 -> 17482045859 | H10: 21969429020 | J10: 0 | L10: =H10+J10 -> 21969429020
A11: کوتاه مدت دی | B11: 11961537 | D11: 0 | F11: =B11+D11 -> 11961537 | H11: 23872680 | J11: 0 | L11: =H11+J11 -> 23872680
B12: =SUM(B8:B11) -> 17494592052 | C12: =SUM(C8:C11) -> 0 | D12: =SUM(D8:D11) -> 0 | F12: =SUM(F8:F11) -> 17494592052 | H12: =SUM(H8:H11) -> 21997962567 | I12: =SUM(I8:I11) -> 0 | J12: =SUM(J8:J11) -> 0 | L12: =SUM(L8:L11) -> 21997962567

Sheet درآمد ناشی ازفروش
A1: =سپرده!A1 -> صندوق سرمایه گذاری سهامی اهرمی شاخصی کیان
A2: صورت وضعیت درآمدها
A3: =درآمدها!A3 -> برای ماه منتهی به 1405/04/31
A4: ج- سود(زیان) حاصل از فروش اوراق بهادار
C5: ='درآمد سرمایه گذاری در شمش '!C7 -> طی تیر ماه | K5: ='درآمد سرمایه گذاری در شمش '!M7 -> از ابتدای سال مالی تا پایان تیر ماه
A6: شرح | C6: تعداد | E6: خالص ارزش فروش | G6: ارزش دفتری | I6: سود و زیان ناشی از فروش | K6: تعداد | M6: خالص ارزش فروش | O6: ارزش دفتری | Q6: سود و زیان ناشی از فروش
A7: پخش هجرت (هجرت) | C7: 36292111 | E7: 238585676630 | G7: -103245179743 | I7: =E7+G7 -> 135340496887 | K7: 36292111 | M7: 238585676630 | O7: -103245179743 | Q7: =M7+O7 -> 135340496887
A8: کی بی سی (کی بی سی) | C8: 5679083 | E8: 33309168319 | G8: -32570243220 | I8: =E8+G8 -> 738925099 | K8: 5679083 | M8: 33309168319 | O8: -32570243220 | Q8: =M8+O8 -> 738925099
A9: ایران ترانسفو (بترانس) | C9: 15619693 | E9: 45998485583 | G9: -36624025407 | I9: =E9+G9 -> 9374460176 | K9: 15619693 | M9: 45998485583 | O9: -36624025407 | Q9: =M9+O9 -> 9374460176
A10: صنایع پتروشیمی کرمانشاه (کرماشا) | C10: 0 | E10: 0 | G10: 0 | I10: =E10+G10 -> 0 | K10: 3700000 | M10: 198182118361 | O10: -157891364602 | Q10: =M10+O10 -> 40290753759
A11: ایران خودرو (خودرو) | C11: 0 | E11: 0 | G11: 0 | I11: =E11+G11 -> 0 | K11: 673716739 | M11: 338512559129 | O11: -308182606870 | Q11: =M11+O11 -> 30329952259
A12: صنعتی بارز (پکرمان) | C12: 0 | E12: 0 | G12: 0 | I12: =E12+G12 -> 0 | K12: 23210027 | M12: 154236406603 | O12: -146244395673 | Q12: =M12+O12 -> 7992010930
A13: دارو ابوریحان (دابور) | C13: 1418615 | E13: 58009220191 | G13: -37992449376 | I13: =E13+G13 -> 20016770815 | K13: 1418615 | M13: 58009220191 | O13: -37992449376 | Q13: =M13+O13 -> 20016770815
A14: کاشی الوند (کلوند) | C14: 742737 | E14: 3883967082 | G14: -2780684564 | I14: =E14+G14 -> 1103282518 | K14: 742737 | M14: 3883967082 | O14: -2780684564 | Q14: =M14+O14 -> 1103282518
A15: دارو عبیدی (دعبید) | C15: 1034115 | E15: 18049473608 | G15: -17365845187 | I15: =E15+G15 -> 683628421 | K15: 1034115 | M15: 18049473608 | O15: -17365845187 | Q15: =M15+O15 -> 683628421
A16: گروه مالی مهرگان تامین پارس (مهرگان) | C16: 15822216 | E16: 140077830672 | G16: -103745007069 | I16: =E16+G16 -> 36332823603 | K16: 15822216 | M16: 140077830672 | O16: -103745007069 | Q16: =M16+O16 -> 36332823603
A17: پتروشیمی اروند (اروند) | C17: 11187641 | E17: 622270053987 | G17: -467669691025 | I17: =E17+G17 -> 154600362962 | K17: 11187641 | M17: 622270053987 | O17: -467669691025 | Q17: =M17+O17 -> 154600362962
A18: قند هگمتان (قهکمت) | C18: 0 | E18: 0 | G18: 0 | I18: =E18+G18 -> 0 | K18: 562997 | M18: 4329499040 | O18: -2891546695 | Q18: =M18+O18 -> 1437952345
... A57: گواهی شمش طلا CD1G0B0001 (شمش طلا) | C57: 42601 | E57: 1064057267348 | G57: -1030790621180 | I57: =E57+G57 -> 33266646168 | K57: 42601 | M57: 1064057267348 | O57: -1030828134220 | Q57: =M57+O57 -> 33229133128
A58: جمع | E58: =SUM(E7:E57) -> 4581482364414 | F58: =SUM(F7:F57) -> 0 | G58: =SUM(G7:G57) -> -3122447088424 | H58: =SUM(H7:H57) -> 0 | I58: =SUM(I7:I57) -> 1459035275990 | M58: =SUM(M7:M57) -> 9724696392125 | N58: =SUM(N7:N57) -> 0 | O58: =SUM(O7:O57) -> -6767075747423 | P58: =SUM(P7:P57) -> 0 | Q58: =SUM(Q7:Q57) -> 2957620644702
A60: ارزش دفتری برابر است با میانگین موزون خالص ارزش فروش هر سهم/ورقه در ابتدای دوره با خرید طی دوره ضربدر تعداد در پایان دوره

Sheet درآمد ناشی از تغییر قیمت  
A1: =سپرده!A1 -> صندوق سرمایه گذاری سهامی اهرمی شاخصی کیان
A2: صورت وضعیت درآمدها
A3: =درآمدها!A3 -> برای ماه منتهی به 1405/04/31
A4: ب- درآمد ناشی از تغییر قیمت اوراق بهادار
C5: ='درآمد سرمایه گذاری در شمش '!C7 -> طی تیر ماه | K5: ='درآمد سرمایه گذاری در شمش '!M7 -> از ابتدای سال مالی تا پایان تیر ماه
A6: شرح | C6: تعداد | E6: خالص ارزش فروش | G6: ارزش دفتری | I6: سود و زیان ناشی از تغییر قیمت | K6: تعداد | M6: خالص ارزش فروش | O6: ارزش دفتری | Q6: سود و زیان ناشی از تغییر قیمت
A7: سینادارو (دسینا) | C7: 0 | E7: 0 | G7: -28439281864 | I7: =E7+G7 -> -28439281864 | K7: 0 | M7: 0 | O7: 0 | Q7: =M7+O7 -> 0
A8: فجر انرژی خلیج فارس (بفجر) | C8: 12794824 | E8: 70335396862 | G8: -81126928871 | I8: =E8+G8 -> -10791532009 | K8: 12794824 | M8: 70335396862 | O8: -81126928871 | Q8: =M8+O8 -> -10791532009
A9: تاید واتر خاورمیانه (حتاید) | C9: 25111734 | E9: 184888742602 | G9: -201978724752 | I9: =E9+G9 -> -17089982150 | K9: 25111734 | M9: 184888742602 | O9: -176416831125 | Q9: =M9+O9 -> 8471911477
A10: آلومینای ایران (آلومینا) | C10: 1612592 | E10: 204656200307 | G10: -204346504685 | I10: =E10+G10 -> 309695622 | K10: 1612592 | M10: 204656200307 | O10: -204346504685 | Q10: =M10+O10 -> 309695622
A11: معدنی املاح ایران (شاملا) | C11: 2433337 | E11: 70093727668 | G11: -64854203417 | I11: =E11+G11 -> 5239524251 | K11: 2433337 | M11: 70093727668 | O11: -47904221732 | Q11: =M11+O11 -> 22189505936
A12: مواد داروپخش (دتماد) | C12: 11637829 | E12: 495634519535 | G12: -433166050804 | I12: =E12+G12 -> 62468468731 | K12: 11637829 | M12: 495634519535 | O12: -412517274282 | Q12: =M12+O12 -> 83117245253
A13: گروه صنعتی پاکشو (پاکشو) | C13: 77392385 | E13: 648142557334 | G13: -544043206170 | I13: =E13+G13 -> 104099351164 | K13: 77392385 | M13: 648142557334 | O13: -446242947452 | Q13: =M13+O13 -> 201899609882
A14: سر. غدیر (وغدیر) | C14: 150708861 | E14: 2050246615430 | G14: -2212256215123 | I14: =E14+G14 -> -162009599693 | K14: 150708861 | M14: 2050246615430 | O14: -1759191850512 | Q14: =M14+O14 -> 291054764918
A15: دارو اکسیر (دلر) | C15: 20304762 | E15: 450706424468 | G15: -297784575489 | I15: =E15+G15 -> 152921848979 | K15: 20304762 | M15: 450706424468 | O15: -170853396493 | Q15: =M15+O15 -> 279853027975
A16: کاشی الوند (کلوند) | C16: 0 | E16: 0 | G16: -1184351998 | I16: =E16+G16 -> -1184351998 | K16: 0 | M16: 0 | O16: 0 | Q16: =M16+O16 -> 0
A17: پالایش نفت اصفهان (شپنا) | C17: 274888785 | E17: 2569435888002 | G17: -2507527195626 | I17: =E17+G17 -> 61908692376 | K17: 274888785 | M17: 2569435888002 | O17: -1440154077597 | Q17: =M17+O17 -> 1129281810405
A18: پست بانک ایران (وپست) | C18: 43839600 | E18: 320600305607 | G18: -397161572617 | I18: =E18+G18 -> -76561267010 | K18: 43839600 | M18: 320600305607 | O18: -211142458770 | Q18: =M18+O18 -> 109457846837
... A95: گواهی سپرده شمش نقره | C95: 138575 | E95: 1561504360 | G95: 0 | I95: =E95+G95 -> 1561504360 | K95: 138575 | M95: 245109428 | O95: 0 | Q95: =M95+O95 -> 245109428
E96: =SUM(E7:E95) -> 35261420151850 | G96: =SUM(G7:G95) -> -37152168743049 | I96: =SUM(I7:I95) -> -1890748591199 | M96: =SUM(M7:M95) -> 35047504097297 | O96: =SUM(O7:O95) -> -27937800931801 | Q96: =SUM(Q7:Q95) -> 7109703165496
A100: ارزش دفتری برابر است با میانگین موزون خالص ارزش فروش هر سهم/ورقه در ابتدای دوره با خرید طی دوره ضربدر تعداد در پایان دوره
